Player,Market Value
Brenden Aaronson,€15.00m
Yunis Abdelhamid,€400k
Himad Abdelli,€7.00m
Salis Abdul Samed,€5.50m
Laurent Abergel,€2.50m
Oliver Abildgaard,€1.00m
Matthis Abline,€18.00m
Abner,€7.00m
Zakaria Aboukhlal,€12.00m
Tammy Abraham,€15.00m
Francesco Acerbi,€3.00m
Mohamed Achi,€150k
Marcos Acuña,€2.00m
Che Adams,€15.00m
Tyler Adams,€18.00m
Sargis Adamyan,€400k
Tosin Adarabioyo,€20.00m
Martin Adeline,€700k
Karim Adeyemi,€45.00m
Amine Adli,€18.00m
Yacine Adli,€11.00m
Michel Aebischer,€7.50m
Felix Afena-Gyan,€2.00m
Emmanuel Agbadou,€20.00m
Lucien Agoume,€8.00m
Felix Agu,€8.00m
Álvaro Aguado,€1.80m
Kevin Agudelo,€4.00m
Nayef Aguerd,€18.00m
Ruben Aguilar,€3.50m
Naouirou Ahamada,€3.50m
Amar Ahmed,-
Jean-Eudes Aholou,€2.00m
Joseph Aidoo,€1.20m
Ola Aina,€22.00m
Rayan Aït Nouri,Not Found
Emanuel Aiwum,Not Found
Kristoffer Ajer,€18.00m
Ludovic Ajorque,€4.00m
Manuel Akanji,€28.00m
Nathan Aké,€25.00m
Sergio Akieme,€7.00m
Maghnes Akliouche,€45.00m
Paul Akouokou,€800k
Jean-Daniel Akpa-Akpro,Not Found
Kevin Akpoguma,€2.50m
David Alaba,€6.00m
Tomás Alarcón,€600k
Lucas Alario,€700k
Jordi Alba,€1.50m
Luis Alberto,€1.80m
Raúl Albiol,€1.00m
Marc Albrighton,-
Thiago Alcántara,-
Carlos Alcaraz,€14.00m
Rubén Alcaraz,€500k
Omar Alderete,€8.00m
Iván Alejo,€1.20m
Doðan Alemdar,Not Found
Carles Aleñá,€2.50m
Trent Alexander-Arnold,€75.00m
Alejandro Alfaro,-
Ángel Algobia,€800k
Mohamed Ali Cho,€15.00m
Faride Alidou,€1.00m
Alisson,€20.00m
Jim Allevinah,€1.50m
Dele Alli,€2.00m
Domingos André Ribeiro Almeida,€10.00m
Miguel Almirón,€10.00m
Marcos Alonso,€1.50m
Mickaël Alphonse,-
Éder Álvarez Balanta,Not Found
Carlos Álvarez,€6.00m
Gastón Álvarez,€9.00m
Julián Álvarez,€100.00m
Agustín Álvarez Martínez,€4.00m
Yeray Álvarez,€7.00m
Ibrahim Amadou,€700k
Daniel Amartey,€2.50m
Amath,€900k
Jordan Amavi,€1.50m
Kelvin Amian,€2.50m
Bruno Amione,€2.80m
Nadiem Amiri,€20.00m
Ethan Ampadu,€20.00m
Sofyan Amrabat,€17.00m
Joachim Andersen,€27.00m
Elliot Anderson,€32.00m
Felipe Anderson,€4.00m
Benjamin André,€5.00m
Komnen Andri?,€850k
Robert Andrich,€9.00m
Angeliño,€20.00m
Fabrizio Angileri,€700k
Jaidon Anthony,€9.00m
Janis Antiste,€2.00m
Waldemar Anton,€18.00m
Marcos Antônio,-
Michail Antonio,€700k
Antony,€35.00m
Valentin Antov,€2.50m
Christopher Antwi-Adjei,€600k
Anuar,€900k
Houssem Aouar,€8.50m
Adil Aouchiche,€1.50m
Dennis Appiah,€800k
Mauro Arambarri,€12.00m
Charles Aránguiz,€800k
Ronald Araújo,€35.00m
Cameron Archer,€12.00m
Taïryk Arconte,€500k
Alphonse Areola,€9.00m
Joe Aribo,€6.00m
Adam Armstrong,€12.00m
Stuart Armstrong,€800k
Marko Arnautovi?,€3.00m
Maximilian Arnold,€5.00m
Kepa Arrizabalaga,€10.00m
Roberto Arroyo,€300k
Tolgay Arslan,€750k
Arthur,€5.00m
Santiago Arzamendia,€1.80m
Takuma Asano,€2.50m
Santiago Ascacíbar,€7.00m
Sergio Asenjo,-
Marco Asensio,€20.00m
Kristoffer Askildsen,€900k
Fisnik Asllani,€8.00m
Kristjan Asllani,€13.00m
Iago Aspas,€2.00m
Lorenz Assignon,€9.00m
Youcef Atal,€3.00m
Pierre-Emerick Aubameyang,€3.50m
Emil Audero,€3.20m
Tommaso Augello,€1.80m
Ludwig Augustinsson,€3.00m
Serge Aurier,€1.50m
Mathias Autret,€150k
Ezequiel Ávila,€2.00m
Cédric Avinel,-
Taiwo Awoniyi,€16.00m
Mehmet-Can Aydin,Not Found
André Ayew,€600k
Jordan Ayew,€2.50m
Kaan Ayhan,€4.00m
Luke Ayling,€450k
Ayman Azhil,€700k
Sardar Azmoun,€8.00m
César Azpilicueta,€1.50m
Sanoussy Ba,€400k
Iddrisu Baba,€1.20m
Sr?an Babi?,€6.00m
Loïc Bade,€25.00m
Édgar Badía,€600k
Benoît Badiashile,€22.00m
Alex Baena,€55.00m
Jaime Báez,€700k
Leon Bailey,€28.00m
Eric Bailly,€2.00m
Dénys Bain,-
Brandon Baiye,€500k
Stefan Bajcetic,€9.00m
Nedim Bajrami,€3.00m
Cédric Bakambu,€1.50m
Mitchel Bakker,€7.00m
Ridle Baku,€9.00m
Tommaso Baldanzi,€12.00m
Alejandro Balde,€60.00m
Thierno Balde,€1.00m
Carlos Baleba,€40.00m
Mikel Balenziaga,-
Leonardo Balerdi,€20.00m
Iván Balliu,€1.40m
Fodé Ballo-Touré,€1.20m
Folarin Balogun,€18.00m
Abdoulaye Bamba,€300k
Jonathan Bamba,€3.50m
Patrick Bamford,€2.00m
Lameck Banda,€4.50m
Filippo Bandinelli,€1.20m
Léo Baptistão,€1.00m
Shandon Baptiste,€2.00m
Antonín Barák,€2.50m
Andrea Barberis,€125k
Bradley Barcola,€70.00m
Melvin Bard,€15.00m
Keidi Bare,€2.00m
Nicolò Barella,€75.00m
Kike Barja,€1.50m
Ross Barkley,€6.00m
Aymen Barkok,€500k
Harvey Barnes,€35.00m
Leandro Barreiro Martins,€15.00m
Ander Barrenetxea,€15.00m
Mickaël Barreto,Not Found
Pablo Barrios,€55.00m
Musa Barrow,€6.50m
Federico Baschirotto,€3.60m
Toma Bai?,Not Found
Gil Bastião Dias,€1.50m
Alessandro Bastoni,€80.00m
Simone Bastoni,€800k
Rodrigo Battaglia,€900k
Maximilian Bauer,€2.00m
Oliver Baumann,€3.00m
Timo Baumgartl,€600k
Julian Baumgartlinger,-
Christoph Baumgartner,€12.00m
Cyrille Bayala,€400k
Brian Bayeye,€300k
Noah Joel Sarenren Bazee,€400k
Gavin Bazunu,€9.00m
Bebé,-
Ihlas Bebou,€1.00m
Rodrigo Becão,€5.50m
Mads Bech Sørensen,€5.00m
Julius Beck,€650k
Sheraldo Becker,€2.50m
Jan Bednarek,€9.00m
Donny van de Beek,€5.00m
Asmir Begovi?,€250k
Yanis Begraoui,€3.50m
Kevin Behrens,€1.00m
Alexis Beka Beka,€800k
Jérémie Bela,€300k
Youcef Belaïli,€1.70m
Haris Belkebla,€2.00m
Stefan Bell,€800k
Armel Bella Kotchap,€9.00m
Raoul Bellanova,€24.00m
Karim Bellarabi,-
Jean-Ricner Bellegarde,€18.00m
Héctor Bellerín,€2.00m
Jude Bellingham,€180.00m
Jeanöel Belocian,Not Found
Andrea Belotti,€2.00m
Fran Beltrán,€8.00m
Eliesse Ben Seghir,€28.00m
Salim Ben Seghir,€400k
Wissam Ben Yedder,€2.00m
Marco Benassi,-
Ismaël Bennacer,€15.00m
Saïd Benrahma,€10.00m
Ramy Bensebaini,€7.00m
Nabil Bentaleb,€6.00m
Rodrigo Bentancur,€30.00m
Karim Benzema,€7.00m
Domenico Berardi,€8.00m
Yuri Berchiche,€1.40m
Álex Berenguer,€9.00m
Bartosz Bereszy?ski,€500k
Patrick Berg,€6.00m
Mitchell van Bergen,€1.50m
Mergim Berisha,€3.50m
Quentin Bernard,€100k
Paul Bernardoni,€2.80m
Juan Bernat,€2.00m
Victor Bernth Kristiansen,Not Found
Jason Berthomier,€150k
Beto,-
Owen Bevan,-
Matteo Bianchetti,€400k
Alessandro Bianco,€5.00m
Giulian Biancone,€2.50m
Ermin Bi?ak?i?,€400k
Pedro Bigas,€450k
Jaka Bijol,€18.00m
El Bilal Touré,€15.00m
Philip Billing,€10.00m
Jean-Claude Billong,€150k
Cristiano Biraghi,€1.80m
Samuele Birindelli,€2.80m
Veljko Birman?evi?,€5.00m
Tom Bischof,€30.00m
Yves Bissouma,€25.00m
Kristijan Bistrovi?,€2.00m
Leonardo Bittencourt,€1.50m
Marco Bizot,€3.00m
Blanco,-
Lautaro Blanco,€3.80m
Rubén Blanco,€1.00m
Ludovic Blas,€18.00m
Janis Blaswich,€700k
Miha Bla?i?,€450k
Joaquín Blázquez,€225k
Alexis Blin,€1.40m
Daley Blind,€1.50m
Myron Boadu,€7.00m
Jérôme Boateng,€150k
Kevin-Prince Boateng,-
Antonin Bobichon,€500k
Jean-Paul Boëtius,€400k
Jeremie Boga,€10.00m
Emil Bohinen,€1.50m
Quentin Boisgard,€550k
Willy Boly,€1.50m
Giacomo Bonaventura,€2.00m
Federico Bonazzoli,€1.00m
Warren Bondo,€10.00m
Theo Bongonda,€6.00m
Kevin Bonifazi,€750k
Leonardo Bonucci,-
Neto Borges,€3.00m
Yvandro Borges Sanches,€500k
Sebastiaan Bornauw,€6.00m
Rafael Borré,€7.00m
Erik Botheim,€3.50m
Sven Botman,€42.00m
Kenji-Van Boto,€300k
Kouamé Botué,Not Found
Badredine Bouanani,€7.00m
Hicham Boudaoui,€15.00m
Franci Bouebari,€225k
Sofiane Boufal,€3.50m
Wassim Boullif,Not Found
Yassine Bounou,€5.50m
Ismaëlben Boura,Not Found
Mehdi Bourabia,€550k
Benjamin Bourigeaud,€7.00m
Edoardo Bove,€5.00m
Jarrod Bowen,€40.00m
Lucas Boyé,€3.50m
Jayden Braaf,€650k
Domagoj Bradari?,€4.00m
Bilal Brahimi,€1.80m
Martin Braithwaite,€2.70m
Juan Brandáriz,€1.80m
Julian Brandt,€25.00m
Darko Braanac,Not Found
Lilian Brassier,€10.00m
Claudio Bravo,-
Fabian Bredlow,€800k
James Bree,€2.50m
Josip Brekalo,€3.30m
Gleison Bremer,€50.00m
Armando Broja,€12.00m
Dylan Bronn,€1.00m
John Brooks,€500k
Moritz Broschinski,€2.00m
Marcelo Brozovi?,€10.00m
Cédric Brunner,-
Lewis Brunt,€600k
Jacob Bruun Larsen,€5.00m
Andreas Bruus,€900k
Bryan,€55.00m
Joe Bryan,€800k
Lee Buchanan,€1.80m
Ante Budimir,€5.00m
Emi Buendía,€15.00m
Hugo Bueno,€8.00m
Santiago Bueno,€10.00m
Adam Buksa,€6.00m
Marius Bülter,€2.50m
Cristian Buonaiuto,€350k
Facundo Buonanotte,€20.00m
Alessandro Buongiorno,€50.00m
Delano Burgzorg,€3.00m
Jonathan Burkardt,€35.00m
Oliver Burke,€3.00m
Dan Burn,€6.00m
Maxime Busi,€1.00m
Sergio Busquets,€1.50m
Aurélio Buta,€5.00m
Marcin Bu?ka,€20.00m
Jamie Bynoe-Gittens,€50.00m
Juan Cabal,€9.00m
Rémy Cabella,€2.50m
Jimmy Cabot,-
Leandro Cabrera,€1.00m
Liberato Cacace,€3.00m
Anthony Caci,€12.00m
Cafú,-
Moisés Caicedo,€90.00m
Tom Cairney,€1.50m
Jens Cajuste,€12.00m
Cala,-
Davide Calabria,€4.50m
Mattia Caldara,€700k
Luca Caldirola,€700k
Fernando Calero,€1.50m
Duje ?aleta-Car,€7.00m
Hakan Çalhanoðlu,Not Found
Kerim Calhanoglu,€200k
Daniel Caligiuri,-
Alexander Callens,€800k
Dominic Calvert-Lewin,€16.00m
Mahdi Camara,€9.00m
Mohamed Camara,€14.00m
Ousmane Camara,€3.00m
Eduardo Camavinga,€60.00m
Nicolò Cambiaghi,€8.50m
Andrea Cambiaso,€35.00m
Axel Camblan,€500k
Sergio Camello,€3.00m
Chem Campbell,€900k
Emre Can,€7.00m
Sergio Canales,€6.00m
Matteo Cancellieri,€4.50m
João Cancelo,€15.00m
Antonio Candreva,-
Thomas Cannon,€10.00m
Sergi Canós,€1.00m
Ander Capa,-
Pierrick Capelle,€200k
Étienne Capoue,€400k
Gianluca Caprari,€1.00m
Francesco Caputo,-
Maxence Caqueret,€16.00m
Andrea Carboni,€2.80m
Valentin Carboni,€12.00m
Isaac Carcelen,€800k
Irvin Cardona,€2.50m
Igor Carioca,-
Carlos,-
Diego Carlos,€9.50m
Juan Carlos,-
José Carlos Lazo,€700k
Carmona,€200k
Marco Carnesecchi,€25.00m
Yannick Carrasco,€7.00m
Dani Carvajal,Not Found
Fabio Carvalho,€14.00m
Matis Carvalho,-
William Carvalho,€1.50m
Nicolò Casale,€6.00m
Casemiro,€10.00m
Matty Cash,€25.00m
Timothy Castagne,€13.00m
Michele Castagnetti,€350k
Koen Casteels,€4.50m
Valentín Castellanos,€25.00m
Jean-Charles Castelletto,€3.50m
Samu Castillejo,€450k
Jonny Castro,€3.00m
Gaetano Castrovilli,€1.50m
Danilo Cataldi,€3.50m
Catena,€3.00m
Yoann Cathline,€8.00m
Maximiliano Caufriez,€1.00m
Edinson Cavani,€1.00m
Dani Ceballos,€10.00m
Federico Ceccherini,€400k
Assan Ceesay,€1.20m
Emil Ceide,€2.00m
Zeki Çelik,€6.00m
Fabien Centonze,€1.80m
Franco Cervi,€800k
Julio César Enciso,€22.00m
Leonardo César Jardim,€7.00m
Julian Chabot,€12.00m
Florian Chabrolle,-
El Chadaille Bitshiabu,€18.00m
Fares Chaïbi,€9.00m
Nathaniel Chalobah,€800k
Trevoh Chalobah,€25.00m
Calum Chambers,€1.80m
Timothy Chandler,€350k
Gaëtan Charbonnier,-
Brendan Chardonnet,€6.00m
Xavier Chavalerin,€300k
Pep Chavarría,€5.00m
Rayan Cherki,€45.00m
Ilyes Cheti,Not Found
Lucas Chevalier,€30.00m
Fabio Chiarodia,€2.00m
Federico Chiesa,€14.00m
Ben Chilwell,€15.00m
Vlad Chiriche?,€300k
Pedro Chirivella,€5.00m
Joris Chotard,€6.00m
Andreas Christensen,€12.00m
Oliver Christensen,€1.50m
Ryan Christie,€10.00m
Carney Chukwuemeka,€18.00m
Samuel Chukwueze,€10.00m
Darko Churlinov,€1.50m
Víctor Chust,€2.00m
Tolga Ciðerci,Not Found
Yanis Cimignani,€2.00m
Daniel Ciofani,-
Tio Cipot,€1.00m
Pathé Ciss,€2.00m
Souleymane Cissé,€150k
Patrick Ciurria,€1.50m
Bobby Clark,€4.50m
Alexis Claude-Maurice,€12.00m
Jonathan Clauss,€5.00m
Carlos Clerc,€400k
Nathaniel Clyne,€1.00m
Conor Coady,€2.20m
Marcus Coco,€1.20m
Alexandre Coeff,€200k
Jack Colback,€150k
Séamus Coleman,€500k
David ?olina,€850k
Álex Collado,€2.20m
Diego Collado,€400k
Omar Colley,€2.00m
Nathan Collins,€28.00m
Lorenzo Colombo,€5.00m
Andrea Colpani,€9.50m
Levi Colwill,€55.00m
Kingsley Coman,€30.00m
Eray Cömert,€2.00m
Santi Comesaña,€8.00m
Andrea Consigli,€250k
Abdu Conté,€700k
Andrea Conti,-
Lewis Cook,€15.00m
Steve Cook,€350k
Liam Cooper,€400k
Copete,€12.00m
Diego Coppola,€10.00m
Francis Coquelin,€900k
Sébastien Corchia,€400k
Maxwel Cornet,€8.00m
Jesús Corona,€2.00m
Ángel Correa,€10.00m
Joaquín Correa,€3.00m
Thierry Correia,€3.00m
Alessandro Cortinovis,€250k
Danny da Costa,€1.50m
David Pereira da Costa,€6.00m
Diego Costa,€800k
Jaume Costa,€100k
Logan Costa,€18.00m
Nuno da Costa,€600k
Samu Costa,€15.00m
Benoît Costil,€250k
Vladimír Coufal,€5.00m
Lassana Coulibaly,€2.50m
Tanguy Coulibaly,€1.50m
Thibaut Courtois,€20.00m
Mathieu Coutadeur,-
Philippe Coutinho,€4.50m
Yan Couto,€20.00m
Conor Coventry,€1.50m
Nicolas Cozza,€3.50m
Aaron Cresswell,€500k
Bryan Cristante,€7.00m
Domen ?rnigoj,€500k
Juan Cruz Armada,Not Found
Juan Cruz,€150k
Juan Cuadrado,€1.00m
Marc Cucurella,€35.00m
Jorge Cuenca,€5.00m
Braian Cufré,€1.50m
Mickaël Cuisance,€3.50m
Matheus Cunha,€60.00m
Curro,-
Marco D'Alessandro,€200k
Danilo D'Ambrosio,€700k
Luca D'Andrea,€600k
Damien Da Silva,€250k
Moanes Dabbur,€1.30m
Colin Dagba,€700k
Finn Dahmen,€9.00m
Mahmoud Dahoud,€3.50m
Patson Daka,€9.00m
Thijs Dallinga,€12.00m
Diogo Dalot,€30.00m
Muhammed Damar,€7.00m
Mikkel Damsgaard,€28.00m
Flavius Daniliuc,€2.70m
Danilo,€3.50m
Arnaut Danjuma,€4.00m
Kevin Danso,€25.00m
Dante,€500k
Márton Dárdai,€2.00m
Sergi Darder,€4.00m
Achraf Dari,€1.50m
Vladimír Darida,€500k
Matteo Darmian,€2.50m
Josh Dasilva,€5.00m
Jonathan David,€45.00m
Alphonso Davies,€50.00m
Ben Davies,€6.00m
Tom Davies,€4.00m
Pawe? Dawidowicz,€2.50m
Craig Dawson,€1.50m
Kevin De Bruyne,€20.00m
Charles De Ketelaere,€35.00m
Manuel De Luca,€2.00m
Rodrigo De Paul,€25.00m
Mattia De Sciglio,€800k
Lorenzo De Silvestri,€800k
Thibault De Smet,€2.50m
Koni De Winter,€22.00m
Grégoire Defrel,€400k
Duccio Degli Innocenti,€600k
Brecht Dejaegere,€500k
Romain Del Castillo,€7.00m
Alberto Del Moral,€800k
Thomas Delaine,€600k
Thomas Delaney,€1.20m
Sacha Delaye,€200k
Fran Delgado,€250k
Andy Delort,€1.50m
Karamoko Dembele,€1.20m
Moussa Dembélé,€8.00m
Ousmane Dembélé,€90.00m
Siriki Dembélé,€2.00m
Merih Demiral,€13.00m
Kerem Demirbay,€2.30m
Ermedin Demirovi?,€22.00m
Diego Demme,€600k
Sepp van den Berg,€22.00m
Branco van den Boomen,€3.50m
Leander Dendoncker,€4.50m
Emmanuel Dennis,€2.50m
Fabio Depaoli,€1.40m
Kastriot Dermaku,€150k
Halil Derviþoðlu,Not Found
Rémy Descamps,€1.20m
Mikkel Desler,€1.80m
Cyriel Dessers,€4.00m
Sergiño Dest,€16.00m
Mattia Destro,€300k
Gerard Deulofeu,€800k
Kiernan Dewsbury-Hall,€20.00m
Samuel Di Carmine,€300k
Federico Di Francesco,€900k
Michele Di Gregorio,€18.00m
Giovanni Di Lorenzo,€12.00m
Ángel Di María,€2.00m
Boulaye Dia,€15.00m
Moussa Diaby,€30.00m
Mouctar Diakhaby,€2.00m
Bafodé Diakité,€28.00m
Ibrahim Diakité,€1.20m
Abdou Diallo,€5.00m
Baila Diallo,€800k
Habib Diallo,€6.50m
Ibrahima Diallo,€4.00m
Ismael Diallo,€1.00m
Mamady Diarra,€250k
Mouhamadou Diarra,€20.00m
Moussa Diarra,Error: 502 Server Error: Bad Gateway for url: https://www.transfermarkt.com/schnellsuche/ergebnis/schnellsuche?query=Moussa+Diarra
Stéphane Diarra,-
Youba Diarra,€500k
Rúben Dias,€65.00m
Krépin Diatta,€7.00m
Mory Diaw,€800k
Brahim Díaz,€40.00m
Luis Díaz,€70.00m
Justin Diehl,€3.00m
Bamba Dieng,€3.00m
Eric Dier,€8.00m
Florian Dietz,€300k
Lucas Digne,€10.00m
Federico Dimarco,€50.00m
Stole Dimitrievski,€2.50m
Junior Dina Ebimbe,€6.00m
Tristan Dingomé,€50k
Eren Dinkçi,€8.00m
Sinaly Diomande,€5.00m
Lois Diony,€1.20m
Issa Diop,€14.00m
Sofiane Diop,€10.00m
Yehvann Diouf,€12.00m
Axel Disasi,€22.00m
Malcom Abdulai Ares Djalo,€1.60m
Tiago Djaló,€8.00m
Djené,€1.80m
Moussa Djenepo,€2.00m
Koffi Djidji,€1.00m
Alexander Djiku,€6.50m
Berat Djimsiti,€6.00m
Moussa Djitte,€800k
Marko Dmitrovi?,€800k
Alan Do Marcolino,€100k
Ben Doak,€14.00m
Ritsu Doan,€25.00m
Dodô,€24.00m
Danilho Doekhi,€13.00m
Matt Doherty,€2.00m
Josh Doig,€5.00m
Jeremy Doku,€50.00m
Kasper Dolberg,€13.00m
Carlos Dominguez,€3.00m
Nicolás Domínguez,€18.00m
John Donald,€800k
Giulio Donati,€200k
Kyliane Dong,€500k
Gianluigi Donnarumma,€40.00m
Niklas Dorsch,€3.50m
Gabriel Dos Santos,€75.00m
Jodel Dossou,€125k
Lohann Doucet,€700k
Abdoulaye Doucouré,€7.00m
Cheick Doucouré,€25.00m
Ckene Doucouré,€600k
Désiré Doué,€90.00m
Guela Doué,€18.00m
Ismaël Doukouré,€18.00m
Kamory Doumbia,€4.00m
Souleyman Doumbia,€1.00m
Flynn Downes,€13.00m
Bart?omiej Dr?gowski,€3.00m
Cody Drameh,€3.00m
Dion Drena Beljo,€4.00m
Dominick Drexler,-
Domingos Duarte,€800k
Marvin Ducksch,€6.00m
Ondrej Duda,€3.50m
Shane Duffy,€600k
Rémy Dugimont,-
Denzel Dumfries,€35.00m
Alfred Duncan,€1.40m
Lewis Dunk,€6.00m
Maxime Dupé,€900k
Jhon Durán,€35.00m
Pablo Durán,€3.50m
Hugo Duro,€14.00m
Jean-Kevin Duverne,€2.50m
Paulo Dybala,€8.00m
Edin D?eko,€1.60m
Malcolm Ebiowei,€1.20m
Festy Ebosele,€4.60m
Enzo Ebosse,€2.00m
Tyronne Ebuehi,€1.00m
Ederson,€20.00m
Éderson,€20.00m
Odsonne Édouard,€8.00m
Samuel Edozie,€6.00m
Maximilian Eggestein,€10.00m
Lilian Egloff,€600k
Íñigo Eguaras,€100k
Kingsley Ehizibue,€2.40m
Chidera Ejuke,€4.00m
Albin Ekdal,€200k
Hugo Ekitike,€75.00m
Emmanuel Ekong,€550k
Anthony Elanga,€42.00m
Alberth Elis,€500k
Mikael Ellertsson,€3.40m
Harvey Elliott,€30.00m
Elif Elmas,€14.00m
Mohamed Elneny,€1.80m
Aritz Elustondo,€3.00m
Nico Elvedi,€8.00m
Rodrigo Ely,€2.00m
Sepe Elye Wahi,€22.00m
Mohamed Elyounoussi,€5.00m
Adri Embarba,Not Found
Breel Embolo,€12.00m
Emerson,€10.00m
Youssef En-Nesyri,€24.00m
Wataru Endo,€8.00m
Arne Engels,€12.00m
Christian Eriksen,€4.00m
Martin Erlic,€4.00m
Gonzalo Escalante,€600k
Sergio Escudero,€200k
Alfonso Espino,€1.20m
Bernardo Espinosa,-
Salvatore Esposito,€10.00m
Maxime Estève,€20.00m
Pervis Estupiñán,€30.00m
Jonny Evans,-
Edu Expósito,€3.00m
Eberechi Eze,€55.00m
Nicolás Ezequiel Fernández,€4.00m
Abdessamad Ezzalzouli,€12.00m
?ukasz Fabia?ski,€500k
Fabinho,€15.00m
Fábio,-
Noah Fadiga,€3.00m
Wout Faes,€15.00m
Nicolò Fagioli,€18.00m
Ralf Fährmann,€200k
Romain Faivre,€6.00m
Radamel Falcao,€150k
Wladimiro Falcone,€3.50m
Fali,€800k
Mamadou Fall,€800k
Davide Faraoni,€800k
Ansu Fati,€5.00m
Khalil Fayad,€3.00m
Cheikh Faye,€100k
Federico Fazio,-
Jacopo Fazzini,€10.00m
Zouhair Feddal,-
Nabil Fekir,€7.00m
Felipe,€4.00m
Luiz Felipe,€5.00m
João Félix,€20.00m
Ohis Felix Uduokhai,€7.00m
Kiko Femenía,€900k
Evan Ferguson,€25.00m
Lewis Ferguson,€28.00m
Bruno Fernandes,€50.00m
Edimilson Fernandes,€3.00m
Aitor Fernández,€700k
Álex Fernández,€800k
Álvaro Fernández,€35.00m
Carlos Fernández,€1.00m
Enzo Fernández,€75.00m
Federico Fernández,-
Joaquín Fernández,€1.50m
Mateo Fernández,€3.50m
Fernando,-
Alex Ferrari,€250k
Salvador Ferrer,€400k
Jordan Ferri,€2.00m
Fidel,-
Karol Fila,€600k
Roberto Firmino,€5.00m
Junior Firpo,€8.00m
Kilian Fischer,€6.00m
Mark Flekken,€10.00m
Florian Flick,€800k
Alexis Flips,€1.00m
Alessandro Florenzi,€1.00m
Phil Foden,€100.00m
Datro Fofana,€6.00m
Seko Fofana,€10.00m
Wesley Fofana,€25.00m
Yahia Fofana,€7.00m
Youssouf Fofana,€30.00m
Thomas Foket,€1.50m
José Fonte,€100k
Pablo Fornals,€6.00m
Emil Forsberg,€3.00m
Adam Forshaw,€250k
Fraser Forster,€1.00m
Philipp Förster,€1.00m
Steven Fortes,€200k
Timothy Fosu-Mensah,€500k
Dimitri Foulquier,€1.50m
Juan Foyth,€15.00m
Raphael Framberger,-
Tyrese Francois,€300k
Bartol Franji?,€1.50m
Przemys?aw Frankowski,€7.00m
Ryan Fraser,€2.00m
Davide Frattesi,€35.00m
Fred,€15.00m
Ryan Fredericks,-
Iván Fresneda,€8.00m
Remo Freuler,€5.00m
Michael Frey,€800k
Marco Friedl,€12.00m
Marvin Friedrich,€3.50m
Jeremie Frimpong,€50.00m
Chris Führich,€15.00m
Angelo Fulgini,€5.00m
Niclas Füllkrug,€10.00m
Matteo Gabbia,€14.00m
Manolo Gabbiadini,€700k
Gianluca Gaetano,€4.00m
Roberto Gagliardini,€1.40m
Adolfo Gaich,€1.40m
Cody Gakpo,€70.00m
Javi Galán,€4.00m
Iñigo Ruiz de Galarreta,€3.00m
Pablo Galdames Millán,Not Found
Conor Gallagher,€40.00m
Antonino Gallo,€4.30m
Gauthier Gallon,€800k
Cristian Gamboa,-
Kévin Gameiro,-
Idrissa Gana Gueye,€1.50m
Ignatius Ganago,€2.00m
Silvère Ganvoula M'Boussy,€1.40m
Aleix García,€20.00m
Álvaro García,€2.00m
Borja García,-
Carlos García,-
Dani García,-
David García,€7.00m
Eric García,€18.00m
Francisco Garcia,€3.00m
Raúl García,-
Rubén García,€2.00m
Unai García,€800k
Alejandro Garnacho,€45.00m
James Garner,€18.00m
Felix Garreta,€200k
Sékou Gassama,€1.00m
Johan Gastien,€250k
Federico Gatti,€24.00m
Gavi,€60.00m
Paulo Gazzaniga,€2.50m
David de Gea,€5.00m
Dennis Geiger,€2.00m
Joe Gelhardt,€3.00m
Valentin Gendrey,€7.00m
Denis Genreau,€800k
Yannick Gerhardt,€2.50m
Valère Germain,€650k
Gerson,-
Ismaël Gharbi,€7.50m
Paolo Ghiglione,€700k
Saman Ghoddos,€1.50m
Faouzi Ghoulam,€200k
Morgan Gibbs-White,€50.00m
Niko Gießelmann,€350k
Samuel Gigot,€3.00m
Rafa? Gikiewicz,€250k
Óscar Gil,€700k
Mario Gila,€30.00m
Billy Gilmour,€20.00m
Álvaro Giménez,€300k
Gvidas Gineitis,€6.00m
Matthias Ginter,€7.00m
Andrei Girotto,€3.00m
Olivier Giroud,€1.50m
Serge Gnabry,€22.00m
Degnand Gnonto,Not Found
Ben Godfrey,€6.00m
Pierluigi Gollini,€1.00m
Aleksandr Golovin,€20.00m
André Gomes,€6.00m
Angel Gomes,€20.00m
João Gomes,€40.00m
Toti Gomes,€28.00m
Dani Gómez,€1.00m
Joe Gomez,€20.00m
Maxi Gómez,€1.50m
Moi Gómez,€2.00m
Papu Gómez,-
Sergi Gómez,€600k
Sergio Gómez,€20.00m
Maxime Gonalons,-
Diego González,€25k
Édgar González,€2.00m
Giovanni González,€2.50m
Joan Gonzàlez,-
Nicolás González,€24.00m
Oumar Gonzalez,€1.50m
Roberto González,€1.50m
Jacek Góralski,-
Anthony Gordon,€65.00m
Leon Goretzka,€22.00m
Andoni Gorosabel,€5.00m
Robin Gosens,€8.00m
Mario Götze,€4.00m
Amine Gouiri,€30.00m
Jeffrey Gouweleeuw,€1.50m
Jonathan Gradit,€4.00m
José Gragera,€2.00m
Alberto Grassi,€1.80m
Ryan Gravenberch,€75.00m
Andrew Gravillon,€1.80m
Demarai Gray,€3.50m
Adrian Grbi?,€900k
Ivo Grbi?,€1.80m
Jack Grealish,€28.00m
Sam Greenwood,€4.50m
Michael Gregoritsch,€3.00m
Leo Greiml,€2.00m
Clément Grenier,€200k
Antoine Griezmann,€18.00m
Vincenzo Grifo,€6.00m
Lennart Grill,€450k
Christian Groß,-
Pascal Groß,€5.00m
Brajan Gruda,€25.00m
Ilia Gruev,€5.00m
Carlos Gruezo,€1.50m
Vicente Guaita,€700k
Andrés Guardado,-
Sergi Guardiola,€500k
Nemanja Gudelj,€3.00m
Gabriel Gudmundsson,€7.00m
Gonçalo Guedes,€11.00m
Axel Gueguin,€300k
Marc Guéhi,€45.00m
Mattéo Guendouzi,€32.00m
Raphaël Guerreiro,€8.00m
Evann Guessand,€25.00m
Ander Guevara,€3.50m
Pape Gueye,€15.00m
Josuha Guilavogui,€300k
Frederic Guilbert,€2.50m
Hugo Guillamón,€2.50m
Bruno Guimarães,€80.00m
Sehrou Guirassy,€45.00m
Rafik Guitane,€4.00m
Péter Gulácsi,€2.00m
Manuel Gulde,-
Gerard Gumbau,€1.50m
Robert Gumny,€1.50m
Ýlkay Gündoðan,Not Found
Christian Günter,€3.50m
Koray Günter,€700k
Gorka Guruzeta,€9.00m
Malo Gusto,€35.00m
Raúl Guti,€1.50m
Miguel Gutiérrez,€20.00m
Joko Gvardiol,Not Found
Darko Gyabi,€1.80m
Emmanuel Gyasi,€1.40m
Norbert Gyömbér,€1.00m
Christian Gytkjær,Not Found
Erling Haaland,€180.00m
Nicolas Haas,€700k
Janik Haberer,€2.50m
Alexander Hack,€1.00m
Munir El Haddadi,€1.50m
Jaouen Hadjam,€9.00m
André Hahn,-
Amadou Haidara,€16.00m
Massadio Haïdara,€1.50m
Achraf Hakimi,€80.00m
Lewis Hall,€32.00m
Sébastien Haller,€3.00m
Marcel Halstenberg,-
Mathis Hamdi,€100k
Romain Hamouma,-
Andreas Hanche-Olsen,€6.00m
Samir Handanovi?,-
Genki Haraguchi,€400k
Amine Harit,€8.00m
Luke Harris,€1.00m
Jack Harrison,€14.00m
Abdou Harroui,€1.80m
Makoto Hasebe,-
Hans Hateboer,€2.50m
Kai Havertz,€65.00m
Eden Hazard,-
Thorgan Hazard,€2.50m
Rhys Healey,€700k
Jan Paul van Hecke,€32.00m
Jonas Hector,-
Hwang Hee-chan,Not Found
Gauthier Hein,€4.00m
Dominique Heintz,€800k
Dean Henderson,€20.00m
Jordan Henderson,€2.50m
Liam Henderson,€2.00m
Jack Hendry,€2.50m
Wayne Hennessey,€150k
Benjamin Henrichs,€15.00m
Henrique,€10.00m
Luiz Henrique,€25.00m
Matheus Henrique,€6.00m
Rico Henry,€40.00m
Thomas Henry,€1.00m
Christophe Hérelle,€500k
Mario Hermoso,€7.00m
Aridane Hernández,€300k
Lucas Hernández,€25.00m
Luis Hernández,€100k
Mario Hernández,€400k
Theo Hernández,€35.00m
Ander Herrera,€800k
Sergio Herrera,€3.00m
Yangel Herrera,€15.00m
Patrick Herrmann,-
Son Heung-min,Not Found
Aaron Hickey,€10.00m
Isak Hien,€30.00m
Omar El Hilali,€15.00m
Piero Hincapié,€50.00m
Morten Hjulmand,€50.00m
Adam Hlo?ek,€18.00m
Joseph Hodge,€1.00m
Nicolas Höfler,€500k
Jonas Hofmann,€2.00m
Philipp Hofmann,€1.00m
Rob Holding,€3.50m
Lucas Höler,€3.00m
Mason Holgate,€4.00m
Emil Holm,€8.00m
Noah Holm,€800k
Gerrit Holtmann,€700k
Martin Hongla,€1.80m
Franck Honorat,€12.00m
Jannes Horn,€1.20m
Cédric Hountondji,€1.20m
Ilyes Housni,€1.50m
Luká Hrádeck?,Not Found
Petko Hristov,€4.00m
Ajdin Hrustic,Error: 500 Server Error: Internal Server Error for url: https://www.transfermarkt.com/schnellsuche/ergebnis/schnellsuche?query=Ajdin+Hrustic
Timo Hübers,€3.00m
Callum Hudson-Odoi,€25.00m
Will Hughes,€7.00m
Mats Hummels,-
Adrien Hunou,€400k
Denis Huseinbasic,€2.80m
Omari Hutchinson,€22.00m
Elseid Hysaj,€1.50m
Pierre Højbjerg,Not Found
Rasmus Højlund,€35.00m
Iago,-
Pablo Ibáñez,-
Roger Ibanez,€17.00m
Arijon Ibrahimovi?,€4.00m
Mounaim El Idrissy,€500k
Iglesias,€2.00m
Borja Iglesias,€3.00m
Igor,€35.00m
Kelechi Iheanacho,€4.50m
Jonathan Ikone,€7.00m
Ivan Ili?,€16.00m
Rareþ Ilie,Not Found
Samuel Iling-Junior,€10.00m
Emirhan Ýlkhan,Not Found
Asier Illarramendi,€700k
Ciro Immobile,€2.20m
Danny Ings,€6.00m
Marcus Ingvartsen,€4.00m
Bonke Innocent,€300k
Alexander Isak,€120.00m
Isco,€6.00m
Ismaily,€1.20m
Ardian Ismajli,€6.00m
Ko Itakura,€12.00m
Hiroki Ito,€25.00m
Junya Ito,€6.00m
Andreas Ivan,-
Alex Iwobi,€28.00m
Armando Izzo,€1.50m
Nicolas Jackson,€50.00m
Lee Jae-sung,Not Found
Paul Jaeckel,€1.00m
Mato Jajalo,-
Kristijan Jaki?,€6.50m
Jan Jakob Olschowsky,€500k
Ismail Jakobs,€7.00m
Marin Jakoli,Not Found
Daniel James,€18.00m
Reece James,€30.00m
Vitaly Janelt,€20.00m
Saidy Janko,€300k
Pontus Jansson,€750k
Tony Jantschke,-
Adnan Januzaj,€1.20m
Javi,€800k
Luis Javier Suárez,€8.00m
Dany Jean,€550k
Julian Jeanvier,€400k
Fredrik Jensen,€3.50m
Mathias Jensen,€14.00m
Moritz Jenz,€5.00m
Gabriel Jesus,€32.00m
Juan Jesus,€1.50m
Raúl Jiménez,€5.00m
Joaquín,€1.50m
Joelinton,€35.00m
?órir Jóhann Helgason,€3.00m
Ben Johnson,€8.00m
Brennan Johnson,€40.00m
Paul Joly,€1.80m
Curtis Jones,€45.00m
Frenkie de Jong,€45.00m
Joan Jordán,€2.50m
Filip Jörgensen,€18.00m
Jorginho,€6.00m
Josan,-
Willian José,€1.80m
Joselu,€4.00m
Diogo Jota,-
Stevan Joveti?,€400k
Luka Jovi?,€4.50m
Juanmi,€2.00m
Juanpe,€600k
Jubal,€2.50m
Christopher Jullien,€1.00m
Anthony Jung,€1.00m
Lago Junior,€200k
Hamed Junior Traorè,€20.00m
Vinicius Júnior,€170.00m
Josip Juranovi?,€4.00m
James Justin,€13.00m
Mathias Jørgensen,€500k
Ozan Kabak,€5.00m
Issa Kaboré,€4.00m
Abdoul Kader Bamba,€800k
Pavel Kade?ábek,€1.70m
Tino Kadewere,€2.50m
Kaiky,€1.00m
Florian Kainz,€1.70m
Gaël Kakuta,€600k
Sasa Kalajdzic,€4.00m
Arnaud Kalimuendo,€22.00m
Yayah Kallon,€400k
Felix Kalu Nmecha,Not Found
Gedeon Kalulu,€2.00m
Pierre Kalulu,€28.00m
Daichi Kamada,€12.00m
Waren Kamanzi,Not Found
Bingourou Kamara,€800k
Boubacar Kamara,€40.00m
Jakub Kami?ski,€5.00m
Marcin Kami?ski,€400k
Kevin Kampl,€2.50m
Nordine Kandil,€1.00m
Harry Kane,€75.00m
Wilfried Kanga,€2.50m
Lee Kangin,Not Found
N'Golo Kanté,€5.00m
Kenan Karaman,€2.50m
Yann Karamoh,€1.80m
Atakan Karazor,€12.00m
Jon Karrikaburu,€2.50m
Rick Karsdorp,€3.00m
Denso Kasius,€4.00m
Thomas Kastanaras,€400k
Grigoris Kastanos,€1.50m
Silas Katompa,€7.00m
Moise Kean,€50.00m
Michael Keane,€5.00m
Neeskens Kebano,€500k
Kévin Keben Biakolo,€700k
Thilo Kehrer,€20.00m
Check Keita,€2.00m
Naby Keïta,€1.00m
Yannik Keitel,€3.50m
Lloyd Kelly,€16.00m
Marc-Oliver Kempf,Not Found
Kenedy,€300k
Jonjoe Kenny,€2.50m
Franck Kessié,€14.00m
Saîf-Eddine Khaoui,€750k
Wahbi Khazri,€1.00m
Rani Khedira,€2.50m
Anthony Khelifa,€25k
Kike,€8.00m
Luca Kilian,€400k
Max Kilman,€25.00m
Joshua Kimmich,€45.00m
Presnel Kimpembe,€5.00m
Jakub Kiwior,€28.00m
Simon Kjær,Not Found
Mateusz Klich,€600k
Lukas Klostermann,€8.00m
Justin Kluivert,€35.00m
Ansgar Knauff,€15.00m
Robin Knoche,€700k
Gregor Kobel,€40.00m
Robin Koch,€18.00m
Dominik Kohr,€3.50m
Koke,€8.00m
Sead Kolainac,Not Found
Luca Koleosho,€12.00m
Randal Kolo Muani,€30.00m
Timothée Kolodziejczak,€250k
Ibrahima Konaté,€60.00m
Geoffrey Kondogbia,€7.00m
Ibrahima Koné,€1.80m
Kouadio Koné,€40.00m
Youssouf Koné,€700k
Ezri Konsa,€35.00m
Teun Koopmeiners,€35.00m
Odilon Kossonou,Not Found
Filip Kosti?,€5.00m
Christian Kouamé,€4.00m
Rominigue Kouamé,€2.00m
Tomá Koubek,Not Found
Kalidou Koulibaly,€6.00m
Jules Koundé,€65.00m
Boubakar Kouyaté,€3.00m
Cheikhou Kouyaté,€500k
Mateo Kova?i?,€20.00m
Viktor Kovalenko,€1.00m
Soichiro Kozuki,€350k
Emil Krafth,€2.00m
Alex Král,€6.00m
Andrej Kramari?,€4.00m
Christoph Kramer,-
Tom Krauß,€4.00m
Julian Kristoffersen,€50k
Raimonds Krollis,€1.00m
Toni Kroos,-
Rade Kruni?,€4.50m
Max Kruse,-
Lukas Kübler,€1.50m
Takefusa Kubo,€30.00m
Dejan Kulusevski,€50.00m
Sael Kumbedi,€7.00m
Marash Kumbulla,€7.50m
Pierre Kunde,€1.20m
Alou Kuol,€350k
Layvin Kurzawa,€1.00m
Khvicha Kvaratskhelia,€90.00m
Grejohn Kyei,€700k
Daniel Kyereh,Not Found
Giorgos Kyriakopoulos,€2.50m
César de la Hoz,€350k
Luca de la Torre,€2.00m
Rémy Labeau Lascary,€2.00m
Gaëtan Laborde,€6.00m
Alexandre Lacazette,€6.00m
Qazim Laçi,€4.00m
Maxence Lacroix,€25.00m
Alban Lafont,€3.00m
Aïssa Laïdouni,€4.00m
Konrad Laimer,€25.00m
Stefan Lainer,€1.20m
Kenny Lala,€2.00m
Adam Lallana,-
Vassilis Lambropoulos,Not Found
Érik Lamela,€1.20m
Mohamed Lamine Bayo,€2.80m
Sam Lammers,€4.00m
Tariq Lamptey,€11.00m
Manuel Lanzini,€1.00m
Aymeric Laporte,€15.00m
Julien Laporte,€1.20m
Cyle Larin,€3.50m
Juan Larios,€3.50m
Yasser Larouci,€3.50m
Jordan Larsson,€2.50m
Kevin Lasagna,€750k
Jamaal Lascelles,€4.00m
Latasa,€2.00m
Toni Lato,€1.80m
Danny Latza,€150k
Armand Lauriente,€15.00m
Roméo Lavia,€40.00m
Lázaro,€800k
Valentino Lazaro,€4.50m
Marko Lazeti?,€800k
Darko Lazovi?,€800k
Manuel Lazzari,€3.50m
Théo Le Bris,€1.50m
Julien Le Cardinal,€2.00m
Jérémy Le Douaron,€3.00m
Enzo Le Fée,€18.00m
Vincent Le Goff,-
Maxime Le Marchand,-
Robin Le Normand,€40.00m
Rafael Leão,€70.00m
Paolo Lebas,-
Benjamin Lecomte,€1.50m
Jeremías Ledesma,€3.00m
Pierre Lees-Melou,€6.00m
Diogo Leite,€17.00m
Maxim Leitsch,€1.50m
Florian Lejeune,€2.50m
Iñigo Lekue,€2.00m
Thomas Lemar,€5.00m
Félix Lemaréchal,€10.00m
Dexter Lembikisa,€1.30m
Mario Lemina,€7.50m
Tim Lemperle,€5.00m
Clément Lenglet,€7.50m
Bernd Leno,€10.00m
Christopher Lenz,€500k
Sergio León,-
Johann Lepenant,€6.00m
Mehdi Léris,€2.20m
Jefferson Lerma,€10.00m
Benjamin Leroy,€150k
Léo Leroy,€2.00m
Ruan Levine,-
Robert Lewandowski,€12.00m
Jamie Leweling,€20.00m
Jamal Lewis,€2.50m
Rico Lewis,€40.00m
Keane Lewis-Potter,€23.00m
Dimitri Liénard,-
Philipp Lienhart,€12.00m
Matthijs de Ligt,€38.00m
Victor Lindelöf,€8.00m
Jesper Lindstrøm,€18.00m
Karol Linetty,€1.80m
Jesse Lingard,€3.00m
Pol Lirola,€4.00m
Mateusz Lis,€1.80m
Marcin Listkowski,€250k
Dejan Ljubicic,€4.00m
Javier Llabrés,€800k
Diego Llorente,€6.00m
Marcos Llorente,€25.00m
Hugo Lloris,€1.00m
Giovani Lo Celso,€15.00m
Stanislav Lobotka,€25.00m
Manuel Locatelli,€30.00m
Luka Lochoshvili,€500k
Banzouzi Locko,Not Found
Renan Lodi,€13.00m
Ruben Loftus-Cheek,€10.00m
Sean Longstaff,€20.00m
Ademola Lookman,€60.00m
Anthony Lopes,€1.20m
Rony Lopes,€2.00m
David López,€1.00m
Diego López,-
Maxime Lopez,€6.00m
Pau López,€2.50m
Unai López,€2.50m
Dion Lopy,€6.00m
Anthony Losilla,-
Jordan Lotomba,€6.50m
Matteo Lovato,€3.00m
Dejan Lovren,€600k
Sandi Lovri?,€8.50m
Jamal Lowe,€900k
Anthony Lozano,€1.00m
Hirving Lozano,€10.00m
Pol Lozano,€5.00m
Jean Lucas,€8.00m
Jhon Lucumí,€22.00m
José Luis Gayà,€9.00m
José Luis Morales,€500k
José Luis Palomino,€700k
Douglas Luiz,€30.00m
Romelu Lukaku,€22.00m
Castello Lukeba,€40.00m
Dodi Lukebakio,€20.00m
Saa Luki?,Not Found
Andriy Lunin,€18.00m
Andrey Lunyov,€1.20m
Sebastiano Luperto,€4.00m
Lyanco,€6.00m
Charalambos Lykogiannis,Not Found
Youssouf M'Changama,€200k
Awer Mabil,€300k
Alexis Mac Allister,€100.00m
Deiver Machado,€3.00m
Darwin Machís,€600k
James Maddison,€42.00m
Noni Madueke,€40.00m
Pablo Maffeo,€5.00m
Lisandro Magallán,€1.50m
Soungoutou Magassa,€12.00m
Giulio Maggiore,€1.50m
Giangiacomo Magnani,€1.80m
Hugo Magnetti,€6.00m
Yohann Magnin,€1.00m
Harry Maguire,€13.00m
Jon Magunacelaya,Not Found
Riyad Mahrez,€8.00m
Arne Maier,€4.00m
Mike Maignan,€25.00m
Linton Maina,€4.00m
Ainsley Maitland-Niles,€12.00m
Lovro Majer,€17.00m
Jean-Victor Makengo,€2.50m
Béni Makouana,€500k
Nemanja Maksimovi?,€4.50m
Tyrell Malacia,€8.00m
Lorenzo Malagrida,€150k
Daniel Maldini,€10.00m
Youssef Maleh,€3.20m
Donyell Malen,€25.00m
Ruslan Malinovskyi,€2.50m
Hugo Mallo,€800k
Mickael Malsa,€500k
Giorgi Mamardashvili,€30.00m
Hianga Mananga Mbock,Not Found
Gianluca Mancini,€15.00m
Steve Mandanda,€500k
Reinildo Mandava,€5.00m
Aïssa Mandi,€1.20m
Rolando Mandragora,€12.00m
Sadio Mané,€8.00m
Orel Mangala,€18.00m
Thomas Mangani,-
Vito Mannone,€150k
Javier Manquillo,€1.00m
Myziane Maolida,€1.00m
Faitout Maouassa,€1.50m
Sekou Mara,€5.00m
Maranhão,€1.20m
Marcão,€2.00m
Solly March,€6.00m
Agustín Marchesín,€700k
Vincent Marchetti,€2.00m
Riccardo Marchizza,€1.30m
Gian Marco Ferrari,€500k
Emiliano Marcondes,€1.00m
Óscar de Marcos,-
José Mari,€20.00m
Pablo Marí,€3.50m
José María Giménez,€20.00m
Mariano,€5.00m
Pablo Marín,€8.00m
R?zvan Marin,€3.50m
Guillermo Maripán,€4.00m
Marlon,€3.00m
Omar Marmoush,€75.00m
Marquinhos,€35.00m
Luca Marrone,€75k
Eric Martel,€6.00m
Roger Martí,€600k
Anthony Martial,€7.50m
Aarón Martín,€6.50m
Ander Martin,€2.00m
Andrés Martín,-
Iván Martín,€6.00m
Jonas Martin,€600k
Martinelli,€55.00m
Arnau Martinez,€10.00m
Emiliano Martínez,€20.00m
Iñigo Martínez,€5.00m
Lautaro Martínez,€95.00m
Lisandro Martínez,€40.00m
Lucas Martínez Quarta,€7.00m
Roger Martínez,€1.50m
Gelson Martins,€3.00m
Adam Marui?,Not Found
Omar Mascarell,€900k
Adam Masina,€1.50m
Jordi Masip,-
Erhan Maovi?,Not Found
Han-Noah Massengo,€5.00m
Yanis Massolin,€300k
Jaime Mata,€400k
Pape Matar Sarr,€32.00m
Eliot Matazo,€2.00m
Jean-Philippe Mateta,€30.00m
Nemanja Mati?,€2.00m
Joël Matip,-
Henning Matriciani,€350k
Chrislain Matsima,€22.00m
Azor Matusiwa,€8.00m
Neal Maupay,€8.00m
Aïman Maurer,€500k
Stephy Mavididi,€10.00m
Konstantinos Mavropanos,€17.00m
Christian Mawissa,€15.00m
Philipp Max,€1.00m
Eric Maxim Choupo-Moting,€1.50m
Luís Maximiano,€3.00m
Fernand Mayembo,€550k
Borja Mayoral,€7.50m
Noussair Mazraoui,€25.00m
Pasquale Mazzocchi,€2.50m
Kevin Mbabu,€3.50m
Kylian Mbappé,€180.00m
Mamadou Mbaye,€400k
Chancel Mbemba,€2.00m
Bryan Mbeumo,€55.00m
Jason Mbock,€150k
Nathanael Mbuku,€1.00m
John McGinn,€16.00m
Scott McKenna,€4.00m
Weston McKennie,€22.00m
Dwight McNeil,€25.00m
Scott McTominay,€50.00m
Gary Medel,€100k
Facundo Medina,€25.00m
Ben Mee,€700k
Bamo Meïté,€4.00m
Soualiho Meïté,€2.00m
Farid El Melali,€3.50m
Gonzalo Melero,€1.00m
Birger Meling,€2.50m
Memphis,€10.00m
Houboulang Mendes,€1.00m
Nuno Mendes,€70.00m
Thiago Mendes,€3.00m
Brais Méndez,€22.00m
Diego Méndez,€100k
Antoine Mendy,€2.50m
Arial Mendy,€400k
Batista Mendy,€10.00m
Edouard Mendy,€5.00m
Ferland Mendy,€14.00m
Nampalys Mendy,€1.80m
Gideon Mensah,€4.00m
Chris Mepham,€6.00m
Alex Meret,€18.00m
Mikel Merino,€35.00m
Quentin Merlin,€15.00m
Yýldýrým Mert Çetin,Not Found
Roque Mesa,€500k
Illan Meslier,€16.00m
Lionel Messi,€18.00m
Junior Messias,€1.50m
Thomas Meunier,€2.00m
Alexander Meyer,€800k
Sven Michel,€450k
Alexander Mighten,€700k
Tommaso Milanese,€600k
Nikola Milenkovi?,€35.00m
Arkadiusz Milik,€2.00m
Sergej Milinkovi?-Savi?,€17.00m
Vanja Milinkovi?-Savi?,€16.00m
Éder Militão,€30.00m
Luka Milivojevi?,€800k
Luis Milla,-
Pere Milla,€1.20m
Enzo Millot,€35.00m
James Milner,€1.00m
Marko Milovanovi?,€600k
Kim Min-jae,Not Found
Yerry Mina,€3.00m
Takumi Minamino,€15.00m
Tyrone Mings,€5.00m
Óscar Mingueza,€20.00m
Rafa Mir,€800k
Aleksei Miranchuk,€9.00m
Juan Miranda,€15.00m
Fabio Miretti,€14.00m
Tyrick Mitchell,€25.00m
Kaoru Mitoma,€40.00m
Aleksandar Mitrovi?,€18.00m
Stefan Mitrovi?,€1.50m
Maximilian Mittelstädt,€20.00m
Henrikh Mkhitaryan,€4.00m
Anthony Modeste,€100k
Luka Modri?,€4.00m
Terem Moffi,€15.00m
Mostafa Mohamed,€5.00m
Tobias Mohr,€500k
Johan Mojica,€2.00m
Clinton Mola,€350k
Nahuel Molina,€20.00m
Salvatore Molina,€350k
Florent Mollet,€1.20m
Jon Moncayola,€7.00m
Monchu,€6.00m
César Montes,€4.50m
Daniele Montevago,€400k
Gonzalo Montiel,€5.00m
Lorenzo Montipò,€2.00m
Martín Montoya,€450k
Kieffer Moore,€1.00m
Andrew Moran,€3.50m
Álvaro Morata,€11.00m
Jon Morcillo,€1.50m
Alberto Moreno,€1.50m
Álex Moreno,€7.00m
Diego Moreno,-
Gerard Moreno,€4.00m
Marlos Moreno,€400k
Tete Morente,€2.00m
Ilaix Moriba,€6.00m
Manu Morlanes,€2.50m
Nikola Moro,€4.50m
Loren Morón,€3.00m
Cristhian Mosquera,€30.00m
Dany Mota,€4.00m
Lebo Mothiba,€1.00m
Youssoufa Moukoko,€10.00m
Steve Mounié,€2.00m
Mason Mount,€28.00m
Lucas Moura,€4.00m
Bevic Moussiti-Oko,€150k
João Moutinho,€600k
Samuel Moutoussamy,€1.60m
Divin Mubama,€4.00m
Mykhailo Mudryk,Not Found
Nordi Mukiele,€10.00m
Mert Müldür,€6.00m
Florian Müller,€1.20m
Thomas Müller,€6.00m
Abdul Mumin,€5.00m
Marshall Munetsi,€15.00m
Iker Muniain,-
Aihen Muñoz,€4.00m
Pablo Muñoz,€150k
Luis Muriel,€1.20m
Jeison Murillo,€600k
Vedat Muriqi,€5.00m
Jacob Murphy,€16.00m
Nicola Murru,€500k
Yunus Musah,€20.00m
Jamal Musiala,€140.00m
Juan Musso,€3.50m
Suliman Mustapha,Not Found
Yvon Mvogo,€3.00m
Enock Mwepu,-
Vitaliy Mykolenko,€28.00m
Joakim Mæhle,Not Found
Obite N'Dicka,Not Found
Nathan N'Goumou,Not Found
Stanley N'Soki,Not Found
Nacho,€2.00m
Nikolas Nartey,€400k
Juanjo Narváez,€375k
Matija Nastasi?,€800k
Roberto Navarro,-
Jesús Navas,-
Keylor Navas,€1.00m
Michel Ndary Adopo,€4.00m
Youssouf Ndayishimiye,€12.00m
Papa Ndiaga Yade,€550k
Wilfred Ndidi,€15.00m
Tanguy Ndombele,€7.00m
Álvaro Negredo,-
Reiss Nelson,€16.00m
Ilija Nestorovski,€200k
Neto,-
Pedro Neto,€50.00m
Luca Netz,€6.00m
Manuel Neuer,€4.00m
Florian Neuhaus,€3.50m
Rúben Neves,€25.00m
Neymar,€12.00m
Jessic Ngankam,€1.00m
Cyril Ngonge,€8.00m
Moussa Niakhate,€15.00m
Ibrahima Niane,€1.00m
M'Baye Niang,€1.00m
Tanguy Nianzou,€1.50m
Rasmus Nicolaisen,€4.50m
Hans Nicolussi Caviglia,€8.50m
Florian Niederlechner,€400k
Saúl Ñíguez,€3.00m
Dimitris Nikolaou,€1.50m
Fernando Niño,€2.00m
Rasmus Nissen,€14.00m
Justin Njinmah,€7.00m
Eddie Nketiah,€18.00m
Christopher Nkunku,€35.00m
Lukas Nmecha,€3.00m
Diego Noguerol,Not Found
Arnaud Nordin,€5.00m
Riad Nouri,-
Hugo Novoa,€1.50m
Randy Ntekja,Not Found
Alexander Nübel,€12.00m
Matheus Nunes,€35.00m
Darwin Núñez,€45.00m
Unai Núñez,€3.00m
Bram Nuytinck,€300k
Ethan Nwaneri,€55.00m
Gerzino Nyamsi,€5.00m
Ørjan Nyland,€900k
M'Bala Nzola,€6.00m
Christian Nørgaard,€11.00m
Lewis O'Brien,€4.00m
Pedro Obiang,€450k
Jan Oblak,€20.00m
Brian Ocampo,€1.00m
Lucas Ocampos,€6.00m
Guillermo Ochoa,€500k
Wilson Odobert,€20.00m
Tim Oermann,€5.00m
Angelo Ogbonna,€200k
Florent Ogier,€250k
David Okereke,€2.20m
Caleb Okoli,€10.00m
Olasagasti,€4.00m
Lucas Olaza,€4.00m
Finn Ole Becker,€2.00m
Mathias Olesen,€1.00m
Michael Olise,€100.00m
Brian Oliván,€1.80m
Lucas Oliveira Rosa,€3.00m
Mathías Olivera,€20.00m
Dani Olmo,€60.00m
Robin Olsen,€1.00m
Warmed Omari,€3.00m
Jonas Omlin,€2.50m
Ado Onaiwu,€1.50m
Amadou Onana,€50.00m
André Onana,€25.00m
Jean Onana,€1.80m
Karim Onisiwo,€800k
Josh Onomah,€350k
Paul Onuachu,€6.00m
Frank Onyeka,€7.00m
Loïs Openda,€50.00m
Willi Orban,€8.00m
Ivan Ordets,€1.00m
Divock Origi,€1.00m
Aimar Oroz,€15.00m
Mislav Ori?,Not Found
Riccardo Orsolini,€25.00m
Pedro Ortiz,€300k
Jordi Osei-Tutu,€400k
Victor Osimhen,€70.00m
Patrick Osterhage,€10.00m
Paulo Otávio,€3.00m
Dango Ouattara,€28.00m
Remi Oudin,€1.50m
Zinédine Ould Khaled,€400k
Azzedine Ounahi,€10.00m
Adam Ounas,€2.00m
Thomas Ouwejan,€1.20m
Reece Oxford,€500k
Alex Oxlade-Chamberlain,€2.10m
Mikel Oyarzabal,€25.00m
Salih Özcan,€4.00m
Cenk Özkacar,€1.20m
David Ozoh,€700k
Levin Öztunalý,Not Found
Fernando Pacheco,€800k
Jon Pacheco,€6.00m
Gonçalo Paciência,€1.00m
Simone Pafundi,€5.00m
Exequiel Palacios,€40.00m
Helibelton Palacios,€550k
Ante Palaversa,€600k
Isaac Palazón Camacho,€3.50m
João Palhinha,€30.00m
Nicolas Pallois,€400k
Cole Palmer,€120.00m
Erik Palmer-Brown,€900k
Emerson Palmieri,€10.00m
Milo Pantovi?,Not Found
Flavio Paoletti,€700k
Antonios Papadopoulos,€3.50m
Lucas Paquetá,€28.00m
Aitor Paredes,€22.00m
Kevin Paredes,€7.50m
Leandro Paredes,€5.00m
Daniel Parejo,€1.50m
Fabiano Parisi,€6.00m
Moises Parra Gutierrez,€200k
Raúl Parra,€200k
Thomas Partey,€14.00m
Marco Paali?,Not Found
Mario Paali?,Not Found
Felix Passlack,€2.00m
Javier Pastore,-
Patric,-
Rui Patrício,€800k
Nathan Patterson,€15.00m
Paulinho,-
Gabriel Paulista,€1.00m
Benjamin Pavard,€25.00m
Ji?í Pavlenka,€900k
Dimitri Payet,€750k
Ben Pearson,€1.00m
Kristian Pedersen,€500k
Mads Pedersen,€2.00m
Alfonso Pedraza,€2.50m
Pedri,€140.00m
Pedro,€1.00m
Jordan Pefok,€3.00m
Gianluca Pegolo,-
Peter Pekarík,€125k
Pietro Pellegri,€2.00m
Lorenzo Pellegrini,€9.00m
Luca Pellegrini,€3.00m
Facundo Pellistri,€8.00m
Timothee Pembele,€2.50m
Rubén Peña,€1.20m
Patrick Pentz,€2.50m
Nicolas Pépé,€6.00m
Ricardo Pepi,€16.00m
Pepín,€500k
Alberto Perea,€200k
Juan Perea,€2.00m
Andreas Pereira,€18.00m
Brayann Pereira,€1.00m
Danilo Pereira,€4.50m
Mathias Pereira Lage,€2.50m
Ricardo Pereira,€4.50m
Roberto Pereyra,€1.00m
Ayoze Pérez,€10.00m
Carles Pérez,€2.00m
Francisco Perez,€3.00m
Kike Pérez,€2.80m
Lucas Pérez,€400k
Luis Pérez,-
Nehuén Pérez,€13.00m
Mattia Perin,€2.50m
Ivan Perii?,Not Found
Romain Perraud,€5.00m
Gaëtan Perrin,€8.00m
Lucas Perrin,€2.00m
Matteo Pessina,€6.00m
Andrea Petagna,€1.00m
Nils Petersen,-
Lukas Petkov,€1.20m
Germán Pezzella,€1.80m
Giuseppe Pezzella,€2.50m
Luca Pfeiffer,€600k
Maximilian Philipp,€800k
Kalvin Phillips,€12.00m
Nathaniel Phillips,€3.00m
Krzysztof Pi?tek,€8.50m
Roberto Piccoli,€12.00m
Charles Pickel,€2.40m
Jordan Pickford,€18.00m
Amos Pieper,€3.50m
Ronaël Pierre-Gabriel,€3.50m
Andrea Pinamonti,€15.00m
Ethan Pinnock,€7.00m
Yeremi Pino,Not Found
Gerard Piqué,-
Lorenzo Pirola,€6.00m
Marko Pjaca,€2.70m
Óscar Plano,€500k
Gonzalo Plata,€7.00m
Marvin Plattenhardt,-
Alassane Pléa,€5.00m
Tommaso Pobega,€9.00m
Daniel Podence,€5.50m
Joel Pohjanpalo,€4.50m
Matteo Politano,€10.00m
Sebastian Polter,€300k
Ezequiel Ponce,€5.00m
Julien Ponceau,€4.00m
Marin Pongra?i?,€10.00m
Nick Pope,€8.00m
?ukasz Por?ba,€1.00m
Jackson Porozo,€2.00m
Pedro Porro,€38.00m
Francisco Portillo,€300k
Portu,€1.80m
Stefan Posch,€8.00m
Yussuf Poulsen,€5.00m
José Pozo,-
Alejandro Pozo Pozo,€1.50m
Dennis Praet,€2.50m
Abdón Prats,€1.20m
Sanjin Prci?,€400k
Isaac Price,€3.00m
Grischa Prömel,€3.00m
Ivan Provedel,€3.00m
Javi Puado,€10.00m
Mehdi Puch Herrantz,Not Found
Tymoteusz Puchacz,€1.50m
Arnau Puigmal,€1.50m
Christian Pulisic,€50.00m
Ignacio Pussetto,€2.20m
Niklas Pyyhtiä,€1.70m
Fabio Quagliarella,-
Giacomo Quagliata,€1.20m
Joshua Quarshie,€3.00m
Ghjuvanni Quilichini,€100k
Domingos Quina,€850k
Adrien Rabiot,€25.00m
Nemanja Radonji?,€3.00m
Ivan Radovanovi?,-
Ionu? Radu,€2.50m
Antonio Raillo,€1.80m
Predrag Rajkovi?,€8.00m
Ivan Rakiti?,-
Diant Ramaj,€7.00m
Largie Ramazani,€7.50m
Adil Rami,-
Chris Ramos,€2.50m
Sergio Ramos,€1.20m
Aaron Ramsdale,€16.00m
Aaron Ramsey,€600k
Jacob Ramsey,€32.00m
Luca Ranieri,€12.00m
Andrea Ranocchia,-
Filippo Ranocchia,€3.50m
Lilian Raolisoa,€800k
Raphinha,€90.00m
Nicolai Rapp,€1.00m
Elba Rashani,€600k
Marcus Rashford,€50.00m
Giacomo Raspadori,€25.00m
Rafael Ratão,€2.70m
David Raum,€20.00m
Rayan Raveloson,€2.00m
David Raya,€40.00m
Tim Ream,€300k
Ante Rebi?,€1.00m
Arkadiusz Reca,€1.00m
Nathan Redmond,€1.50m
Harrison Reed,€6.00m
Sergio Reguilón,€6.00m
Bobby Reid,€2.50m
Pepe Reina,-
Jeff Reine-Adélaïde,€900k
Reinier,€1.50m
Rocco Reitz,€15.00m
Karim Rekik,€1.50m
Álex Remiro,€18.00m
Panagiotis Retsos,€5.00m
Marco Reus,€2.00m
Alejandro Revuelta Montero,€100k
Elvis Rexhbeçaj,€3.50m
Gio Reyna,€7.00m
Chadi Riad,€15.00m
Nico Ribaudo,Not Found
Alexsandro Ribeiro,€20.00m
Franck Ribéry,-
Samuele Ricci,€30.00m
Declan Rice,€120.00m
Chris Richards,€14.00m
Richarlison,€20.00m
Marco Richter,€1.50m
Diego Rico,€1.20m
Jaïro Riedewald,€1.80m
Manuel Riemann,€300k
Tomás Rincón,€200k
Rémy Riou,€100k
Renaud Ripart,€500k
Rodrigo Riquelme,€12.00m
Matt Ritchie,€300k
Sergi Roberto,€1.50m
Lucas Robertone,€4.00m
Andrew Robertson,€18.00m
Antonee Robinson,€35.00m
Joel Roca,€1.00m
Marc Roca,€6.00m
Enzo Roco,€600k
Marek Rodák,€3.00m
Sebastian Rode,-
Joe Rodon,€10.00m
Rodri,€110.00m
Rodrigo,€110.00m
Ángel Rodríguez,€100k
Óscar Rodríguez Arnaiz,€2.00m
Dani Rodríguez,€800k
Guido Rodríguez,€10.00m
Pablo Rodríguez,-
Ricardo Rodríguez,€2.00m
Rodrygo,€90.00m
Mads Roerslev,€6.00m
Agustín Rogel,€600k
Rogério,-
Alessio Romagnoli,€7.00m
Cristian Romero,€50.00m
Iván Romero,€1.50m
Luka Romero,€4.00m
Oriol Romeu,€1.20m
Cristiano Ronaldo,€12.00m
Connor Ronan,€1.20m
Salomón Rondón,€750k
Valentin Rongier,€9.00m
Marten de Roon,€5.00m
Pablo Rosario,€8.00m
Tom Rothe,€10.00m
Joe Rothwell,€1.80m
Anthony Rouault,€10.00m
Jérôme Roussillon,€800k
Nicolò Rovella,€30.00m
Amir Rrahmani,€12.00m
Ruan,€5.00m
Rubén,€65.00m
Antonio Rüdiger,€20.00m
Sebastian Rudy,-
Daniele Rugani,€3.00m
Matteo Ruggeri,€16.00m
Mário Rui,€800k
Aitor Ruibal,€3.50m
Kays Ruiz,€400k
Fabián Ruiz Peña,€40.00m
Víctor Ruiz,-
Gerónimo Rulli,€8.00m
Franco Russo,€800k
Georginio Rutter,€32.00m
Julian Ryerson,€20.00m
Frederik Rønnow,€3.00m
José Sá,-
Youssouf Sabaly,€1.80m
Halid abanovi?,Not Found
Abdelhamid Sabiri,€1.70m
Marcel Sabitzer,€8.00m
Falaye Sacko,€1.50m
Umar Sadiq,€5.00m
Alexis Saelemaekers,€17.00m
Wesley Saïd,€3.00m
Allan Saint-Maximin,€13.00m
Théo Sainte-Luce,€800k
Samuel Sáiz,€200k
Bukayo Saka,€150.00m
Hamza Sakhi,€1.00m
Mamadou Sakho,€200k
Jacopo Sala,€50k
Ibrahim Salah,€3.00m
Mohamed Salah,€50.00m
Amine Salama,€1.50m
William Saliba,€80.00m
Dikeni Salifou,€400k
Mohammed Salisu,€12.00m
Roland Sallai,€10.00m
Yoann Salmier,€800k
Salvi,€1.00m
Lazar Samardzic,€17.00m
Diadie Samassékou,€1.00m
Mama Samba Baldé,€4.00m
Brice Samba,€12.00m
Albert Sambi Lokonga,€8.00m
Junior Sambia,€1.00m
Samuel,€1.50m
Fede San Emeterio,€800k
Antonio Sanabria,€2.80m
Leandro Sanca,€350k
Oihan Sancet,€60.00m
Renato Sanches,€3.00m
Alexis Sánchez,€1.50m
Antonio Sánchez,€2.50m
Davinson Sánchez,€20.00m
Iván Sánchez,-
Javi Sánchez,€1.50m
Manuel Sánchez,€6.00m
Robert Sánchez,€20.00m
Jadon Sancho,€28.00m
Alex Sandro,€1.80m
Leroy Sané,€32.00m
Sidi Sané,€300k
Morgan Sanson,€5.00m
Nicola Sansone,€400k
Baptiste Santamaria,€7.00m
Riccardo Saponara,€400k
Pablo Sarabia,€5.00m
Muhammed Saracevic Cham,Not Found
Jeremy Sarmiento,€7.00m
Amin Sarr,€5.00m
Malang Sarr,€5.00m
Martin Satriano,€5.00m
Téji Savanier,€2.50m
Esteban Saveljich,€200k
Stefan Savi?,€900k
Joe Scally,€10.00m
Giorgio Scalvini,€35.00m
Gianluca Scamacca,€24.00m
Gustavo Scarpa,€7.50m
Kevin Schade,€30.00m
András Schäfer,€5.00m
Fabian Schär,€7.00m
Derry Scherhant,€4.00m
Patrik Schick,€27.00m
Kingsley Schindler,€900k
Xaver Schlager,€10.00m
Keven Schlotterbeck,€6.00m
Nico Schlotterbeck,€40.00m
Jeffrey Schlupp,€3.00m
Kasper Schmeichel,€500k
Romano Schmid,€17.00m
Niklas Schmidt,€1.80m
Benno Schmitz,€300k
Jerdy Schouten,€22.00m
Perr Schuurs,€5.00m
Marvin Schwäbe,€2.00m
Alexander Schwolow,€500k
Demba Seck,€750k
Haris Seferovi?,€2.00m
Jacopo Segre,€1.80m
Paul Seguin,€900k
Alidu Seidu,€9.00m
Davie Selke,€3.50m
Matz Sels,€7.00m
Nélson Semedo,€9.00m
Vivaldo Semedo,€800k
Antoine Semenyo,€40.00m
Marvin Senaya,€1.80m
Marcos Senesi,€22.00m
Stefano Sensi,€1.00m
Jaime Seoane,€2.00m
Luigi Sepe,€250k
Suat Serdar,€4.50m
Leonardo Sernicola,€1.80m
Ryan Sessegnon,€15.00m
Stephan El Shaarawy,€3.50m
Luke Shaw,€12.00m
Jonjo Shelvey,€800k
Eldor Shomurodov,€5.00m
Kaj Sierhuis,€1.30m
Vincent Sierro,€4.00m
Kiliann Sildillia,€10.00m
André Silva,€4.00m
Bernardo Silva,€38.00m
Caio Henrique Oliveira Silva,€15.00m
David Silva,-
Rui Silva,€7.00m
Thiago Silva,€700k
Marco Silvestri,€500k
Abdallah Sima,€9.00m
Mohamed Simakan,€23.00m
Giovanni Simeone,€5.00m
Ellis Simms,€6.00m
Eduardo Simões,-
Moses Simon,€12.00m
Unai Simón,€28.00m
Lassine Sinayoko,€4.00m
Wilfried Singo,€25.00m
Luis Sinisterra,€15.00m
Daley Sinkgraven,€600k
Tobias Sippel,€300k
Hugo Siquet,€4.00m
Ibrahima Sissoko,€6.00m
Moussa Sissoko,€500k
Tim Skarke,€2.00m
Ellyes Skhiri,€7.50m
Oliver Skipp,€10.00m
Leo Skiri Østigård,€10.00m
?ukasz Skorupski,€2.50m
Robert Skov,€4.00m
Milan kriniar,Not Found
Naatan Skyttä,€3.00m
Islam Slimani,€500k
Chris Smalling,€1.50m
Adam Smith,€750k
Emile Smith Rowe,€30.00m
Hrvoje Smol?i?,€2.00m
Cédric Soares,€1.00m
Danilo Soares,€500k
Eduard Sobol,€900k
Rubén Sobrino,€800k
Alex Sola,€2.50m
Dominic Solanke,€40.00m
Augusto Solari,€250k
Ola Solbakken,€2.30m
Nikola Soldo,€350k
Carlos Soler,€18.00m
François-Joseph Sollacaro,€400k
Manor Solomon,€14.00m
Yann Sommer,€4.00m
Brandon Soppy,€1.00m
David Soria,€3.00m
Roberto Soriano,€750k
Borna Sosa,€4.50m
Joaquin Sosa,€900k
Florian Sotoca,€2.00m
Riccardo Sottil,€5.00m
Tomá Sou?ek,Not Found
Matìas Soulé,€30.00m
Moussa Soumano,€1.00m
Adama Soumaoro,€800k
Boubakary Soumaré,€12.00m
Arnaud Souquet,€500k
Dyego Sousa,€50k
Harry Souttar,€6.00m
Vinicius Souza,€2.00m
Djibril Sow,€7.50m
Çaðlar Söyüncü,Not Found
Kevin Spadanuda,€800k
Djed Spence,€20.00m
Stijn Spierings,€2.00m
Leonardo Spinazzola,€3.50m
Marco Sportiello,€1.00m
Jack Stacey,€2.80m
Anton Stach,€14.00m
Kostas Stafylidis,Not Found
Jens Stage,€14.00m
Josip Stanii?,Not Found
Junior Stanislas,-
Jay Stansfield,€11.00m
Niklas Stark,€4.00m
Calvin Stengs,€7.00m
Pascal Stenzel,€2.00m
Jack Stephens,€1.50m
Raheem Sterling,€10.00m
Angelo Stiller,€45.00m
Lars Stindl,-
Kevin Stöger,€3.50m
Petar Stojanovi?,€750k
John Stones,€25.00m
Jørgen Strand Larsen,€30.00m
Gabriel Strefezza,€6.00m
Dávid Strelec,€8.00m
Pascal Struijk,€18.00m
Cristhian Stuani,€1.00m
Damián Suárez,€75k
Denis Suárez,€1.20m
Mario Suárez,-
Gabriel Suazo,€4.00m
Isaac Success,€1.40m
Niklas Süle,€8.00m
Ibrahim Sulemana,€7.00m
Kamaldeen Sulemana,€13.00m
Crysencio Summerville,€22.00m
Ivan unji?,Not Found
Sam Surridge,€5.00m
Suso,€1.50m
Mattias Svanberg,€12.00m
Williot Swedberg,€5.00m
Issiaga Sylla,€1.50m
Wojciech Szcz?sny,€1.00m
Dominik Szoboszlai,€80.00m
Alexander Sørloth,€25.00m
Nicolás Tagliafico,€6.00m
Jonathan Tah,€30.00m
Benjamin Tahirovic,€3.00m
Waniss Taibi,€1.50m
Flavien Tait,€450k
Montassar Talbi,€6.00m
Adrien Tameze,€2.00m
Japhet Tanganga,€2.50m
Renato Tapia,€2.00m
Edmond Tapsoba,€35.00m
Florian Tardieu,€600k
Matt Targett,€5.00m
James Tarkowski,€9.00m
Ciprian T?t?ru?anu,-
Niklas Tauer,€500k
Nuno Tavares,€25.00m
Marcus Tavernier,€18.00m
Enzo Tchato,€2.50m
Aurélien Tchouaméni,€75.00m
Mathys Tel,€35.00m
Semir Telalovic,€1.50m
Alex Telles,€4.00m
Marc-André ter Stegen,€12.00m
Simon Terodde,-
Filippo Terracciano,€3.20m
Pietro Terracciano,€1.00m
Ramón Terrats,€4.00m
Martin Terrier,€17.00m
Aleksa Terzi?,€3.50m
Tetê,€11.00m
Kenny Tete,€13.00m
Florian Thauvin,€5.00m
Arthur Theate,€24.00m
Malick Thiaw,€18.00m
Jan Thielmann,€3.00m
Sada Thioub,€400k
Luke Thomas,€6.00m
Adrien Thomasson,€5.00m
Morten Thorsby,€3.00m
Kristian Thorstvedt,€9.00m
Marcus Thuram,€75.00m
Khéphren Thuram-Ulie,€40.00m
Alexis Tibidi,€300k
Youri Tielemans,€38.00m
Kieran Tierney,€9.00m
Steffen Tigges,€700k
Jean-Clair Todibo,€25.00m
Harry Toffolo,€3.00m
Umut Tohumcu,€6.00m
Karl Toko Ekambi,€2.00m
Corentin Tolisso,€12.00m
Jeremy Toljan,€2.40m
Rafael Tolói,€1.40m
Raúl de Tomás,€700k
Tiago Tomás,€30.00m
Takehiro Tomiyasu,€18.00m
James Tomkins,-
Fikayo Tomori,€20.00m
Sandro Tonali,€60.00m
Ivan Toney,€25.00m
Pablo Torre,€6.00m
David Torres,€1.50m
Ferrán Torres,€40.00m
Óliver Torres,€4.00m
Pau Torres,€32.00m
Roberto Torres,€100k
Lucas Torró,€3.00m
Nabil Touaizi,€200k
Almamy Touré,€600k
Birama Touré,€800k
Souleymane Touré,-
Lucas Tousart,€2.50m
Yoann Touzghar,-
Adama Traoré,€9.00m
Boubacar Traoré,€5.00m
Charles Traore,€150k
Hamari Traoré,€2.00m
Kevin Trapp,€2.50m
Mark Travers,€4.00m
Óscar Trejo,€500k
Manu Trigueros,€500k
Christopher Trimmel,€600k
Kieran Trippier,€4.00m
William Troost-Ekong,€1.50m
Leandro Trossard,€22.00m
Adrien Truffert,€15.00m
Frank Tsadjout,€500k
Kostas Tsimikas,€18.00m
Theocharis Tsingaras,€1.00m
Viktor Tsyhankov,€18.00m
Alessandro Tuia,€150k
Beñat Turrientes,€10.00m
Tuta,€15.00m
Iyenoma Udogie,Not Found
Ike Ugbo,€2.20m
Chimuanya Ugochukwu,€18.00m
Sven Ulreich,€500k
Lauren Ulrich,Not Found
Samuel Umtiti,€1.50m
Enes Ünal,€10.00m
Deniz Undav,€20.00m
Cengiz Ünder,€7.50m
Dayot Upamecano,€50.00m
Filip Uremovi?,€3.00m
Oscar Ureña,€200k
Jere Uronen,€800k
Mark Uth,-
Josha Vagnoman,€10.00m
Diego Valencia,€700k
Óscar Valentín,€2.50m
Emanuele Valeri,€3.00m
Valery,€1.40m
Yan Valery,€1.40m
Enrique Valiente,Not Found
Martin Valjent,€6.00m
Manu Vallejo,€300k
Mattia Valoti,€900k
Federico Valverde,€130.00m
Virgil van Dijk,€23.00m
Vanderson,€20.00m
Raphaël Varane,-
Jamie Vardy,€1.00m
Ruben Vargas,€7.00m
Johan Vásquez,€14.00m
Jesus Vazquez,€3.00m
Kevin Vázquez,€500k
Lucas Vázquez,€3.00m
Matías Vecino,€2.00m
Gabriel Veiga,€18.00m
Renato Veiga,€25.00m
Milo Veljkovi?,Not Found
Miguel Veloso,-
Joël Veltman,€4.00m
Mickey van de Ven,Not Found
Unai Vencedor Paris,€2.20m
Lorenzo Venuti,€500k
Daniele Verde,€900k
Simone Verdi,€1.50m
Gonzalo Verdú,€50k
Jordan Veretout,€4.00m
Marco Verratti,€10.00m
Valerio Verre,€500k
Mikel Vesga,€2.50m
Guglielmo Vicario,€32.00m
João Victor,€40.00m
Aleix Vidal,-
Clément Vidal,€1.00m
Nacho Vidal,€1.80m
Gabriel Vidovic,€3.00m
Fabio Vieira,€22.00m
Ronaldo Vieira,€400k
Emanuel Vignato,€500k
Samuele Vignato,€2.20m
Tonny Vilhena,€1.30m
Toni Villa,€800k
Asier Villalibre,€1.20m
Gonzalo Villar,€2.00m
Iván Villar,€900k
Matías Viña,€7.00m
Rúben Vinagre,€3.50m
Carlos Vinícius,€3.50m
Alan Virginius,€3.00m
Mattia Viti,€5.50m
Vitinha,€80.00m
Daniel Vivian,€40.00m
Duan Vlahovi?,Not Found
Nikola Vlai?,Not Found
Joel Voelkerling Persson,€300k
Kevin Vogt,€1.00m
Mërgim Vojvoda,€3.00m
Kevin Volland,€700k
Cristian Volpato,€6.50m
Aster Vranckx,€7.00m
Stefan de Vrij,€5.00m
Robert Wagner,€3.00m
Walace,€4.50m
Theo Walcott,-
Luca Waldschmidt,€2.00m
Kyle Walker,€4.00m
Kyle Walker-Peters,€15.00m
Sebastian Walukiewicz,€4.50m
Aaron Wan-Bissaka,€24.00m
Paul Wanner,€18.00m
Danny Ward,€1.20m
Joel Ward,€500k
James Ward-Prowse,€8.00m
Ollie Watkins,€40.00m
Timothy Weah,€17.00m
Adam Webster,€11.00m
Wout Weghorst,€4.00m
Julian Weigl,€6.00m
Nelson Weiper,€10.00m
Mitchell Weiser,€5.00m
Noah Weißhaupt,€5.00m
Shon Weissman,€1.20m
Danny Welbeck,€5.00m
Marcel Wenig,€300k
Timo Werner,€7.00m
Ben White,€45.00m
Harvey White,€300k
Silvan Widmer,€1.20m
Mateusz Wieteska,€2.00m
Georginio Wijnaldum,€3.00m
Iñaki Williams,€15.00m
Neco Williams,€20.00m
Nico Williams,€70.00m
Willian,€65.00m
Joe Willock,€22.00m
Callum Wilson,€8.00m
Harry Wilson,€15.00m
Patrick Wimmer,€15.00m
Jonas Wind,€12.00m
Harry Winks,€9.00m
Frederik Winther,€700k
Florian Wirtz,€140.00m
Przemys?aw Wi?niewski,€2.20m
Yoane Wissa,€32.00m
Axel Witsel,€2.00m
Maximilian Wöber,€8.00m
Hannes Wolf,€3.50m
Marius Wolf,€3.00m
Jeong Woo-yeong,Not Found
Chris Wood,€10.00m
Christopher Wooh,€6.00m
Joe Worrall,€5.00m
Xeka,€2.00m
Granit Xhaka,€12.00m
Jawad El Yamiq,€1.20m
Ryan Yates,€12.00m
Yusuf Yazýcý,Not Found
Kelvin Yeboah,€6.00m
Gerard Yepes,€1.00m
Darlin Yongwa,€4.00m
Leny Yoro,€55.00m
Maya Yoshida,€200k
Ashley Young,€500k
Mohamed Youssouf,€100k
Mattia Zaccagni,€20.00m
Dan-Axel Zagadou,€2.00m
Wilfried Zaha,€5.00m
Warren Zaire-Emery,€55.00m
Denis Zakaria,€30.00m
Rodrigo Zalazar,€18.00m
Joseba Zaldúa,€400k
Nicola Zalewski,€12.00m
Andre-Frank Zambo Anguissa,€27.00m
Oliver Zandén,€700k
Luca Zanimacchia,€1.20m
Nicolò Zaniolo,€12.00m
Alessandro Zanoli,€6.00m
Duván Zapata,€3.50m
Davide Zappacosta,€5.00m
Oier Zarraga,€2.00m
Akim Zedadka,€700k
Mehdi Zeffane,€300k
Aaron Zehnter,€6.00m
Jordan Zemura,€4.50m
Arber Zeneli,€1.50m
Robin Zentner,€4.00m
Alessio Zerbin,€4.00m
Michael Zetterer,€4.50m
Nathan Zeze,€15.00m
Edon Zhegrova,€25.00m
Piotr Zieli?ski,€10.00m
David Zima,€5.50m
Oleksandr Zinchenko,€20.00m
Joshua Zirkzee,€30.00m
Hakim Ziyech,€4.50m
Jeroen Zoet,€300k
Simon Zoller,-
Nadir Zortea,€5.00m
Kurt Zouma,€10.00m
Petar Zovko,€50k
Igor Zubeldia,€12.00m
Martín Zubimendi,€60.00m
Szymon ?urkowski,€1.80m
Martin Ødegaard,€85.00m
Milan ?uri?,Not Found
Filip ?uri?i?,€1.30m
